Description,Total_Revenue
"PAPER CRAFT , LITTLE BIRDIE",168469.6
REGENCY CAKESTAND 3 TIER,142592.94999999963
WHITE HANGING HEART T-LIGHT HOLDER,100448.14999999866
JUMBO BAG RED RETROSPOT,85220.78000000192
MEDIUM CERAMIC TOP STORAGE JAR,81416.72999999995
POSTAGE,77803.95999999999
PARTY BUNTING,68844.33000000037
ASSORTED COLOUR BIRD ORNAMENT,56580.33999999958
Manual,53779.929999999964
RABBIT NIGHT LIGHT,51346.200000000135
